{"loss":{"0":1.1708317995,"1":0.2761924863,"2":0.1396247745,"3":0.0854032487,"4":0.0638400614,"5":0.0453139693,"6":0.0351958387,"7":0.0360603444,"8":0.0200369861,"9":0.0155505482,"10":0.0130419256,"11":0.011512259,"12":0.0089739421,"13":0.0082113054,"14":0.0063389256,"15":0.0073090107,"16":0.0057855351,"17":0.0056348406,"18":0.0047914805,"19":0.005515106},"accuracy":{"0":0.631806612,"1":0.9093516469,"2":0.9545620084,"3":0.9726370573,"4":0.9799216986,"5":0.9857494235,"6":0.9892095923,"7":0.9883900881,"8":0.9939901829,"9":0.995265007,"10":0.9961300492,"11":0.9960389733,"12":0.9975414276,"13":0.9979512095,"14":0.9982699156,"15":0.9980877638,"16":0.9986796379,"17":0.9985886216,"18":0.9988162518,"19":0.9985430837},"val_loss":{"0":3.5666158199,"1":2.3115382195,"2":0.3320516646,"3":0.2697761059,"4":0.0580569282,"5":0.0085886586,"6":0.0113722077,"7":0.0076705706,"8":0.0016012447,"9":0.0023238764,"10":0.0029530453,"11":0.0011415441,"12":0.0002429473,"13":0.0002470679,"14":0.0001467497,"15":0.0001100245,"16":0.0001556205,"17":0.0001005692,"18":0.0000968829,"19":0.0000936686},"val_accuracy":{"0":0.1076306701,"1":0.3485703766,"2":0.8918229938,"3":0.916044414,"4":0.9834274054,"5":0.9985430837,"6":0.9967219234,"7":0.9983609319,"8":1.0,"9":0.999635756,"10":0.999635756,"11":1.0,"12":1.0,"13":1.0,"14":1.0,"15":1.0,"16":1.0,"17":1.0,"18":1.0,"19":1.0},"lr":{"0":0.001,"1":0.001,"2":0.001,"3":0.001,"4":0.001,"5":0.001,"6":0.001,"7":0.001,"8":0.0005,"9":0.0005,"10":0.0005,"11":0.00025,"12":0.00025,"13":0.000125,"14":0.000125,"15":0.0000625,"16":0.0000625,"17":0.00003125,"18":0.00003125,"19":0.000015625}}