{"loss":{"0":0.384826988,"1":0.0042983051,"2":0.0016429153,"3":0.0009435036,"4":0.0006111762,"5":0.0003789777},"accuracy":{"0":0.8923693299,"1":0.999681294,"2":1.0,"3":0.9999544621,"4":1.0,"5":1.0},"val_loss":{"0":3.6195766926,"1":2.9537220001,"2":0.5701109171,"3":0.0071006585,"4":0.0004246333,"5":0.0001768639},"val_accuracy":{"0":0.1908577681,"1":0.2926607132,"2":0.8306319714,"3":1.0,"4":1.0,"5":1.0}}