{"loss":{"0":0.9449073672,"1":0.3239586353,"2":0.2187154591,"3":0.1630211771,"4":0.1351441145,"5":0.1372134387,"6":0.1156245172,"7":0.1072668284,"8":0.06695164,"9":0.049913954,"10":0.0431177132,"11":0.0438967608,"12":0.0321014449,"13":0.0310704485,"14":0.0277988426,"15":0.0234957766,"16":0.0195854083,"17":0.020178711,"18":0.0193636119,"19":0.0146707185},"accuracy":{"0":0.6948643327,"1":0.8918685317,"2":0.9247860312,"3":0.9442724586,"4":0.9535148144,"5":0.953469336,"6":0.9617555737,"7":0.9663995504,"8":0.9775996804,"9":0.983381927,"10":0.9854762554,"11":0.9849298596,"12":0.9894372821,"13":0.9902567863,"14":0.9900746942,"15":0.9920324087,"16":0.993534863,"17":0.9936714768,"18":0.993489325,"19":0.9950828552},"val_loss":{"0":0.2824828029,"1":0.260792166,"2":0.5288459063,"3":0.0463340394,"4":0.874756515,"5":0.0240508057,"6":0.8964319825,"7":0.77632761,"8":0.007174632,"9":0.0051402152,"10":0.0098836301,"11":0.0100711742,"12":0.0029557175,"13":0.0009836014,"14":0.0009688314,"15":0.0474896915,"16":0.000077234,"17":0.0001173825,"18":0.0003331636,"19":0.0002268054},"val_accuracy":{"0":0.8929156661,"1":0.9107630849,"2":0.8488435745,"3":0.9854307175,"4":0.8741577268,"5":0.9910762906,"6":0.8238936663,"7":0.8173374534,"8":0.9972682595,"9":0.9983609319,"10":0.9961755872,"11":0.9947186112,"12":0.999271512,"13":1.0,"14":0.9994536638,"15":0.9925332069,"16":1.0,"17":1.0,"18":1.0,"19":1.0},"lr":{"0":0.001,"1":0.001,"2":0.001,"3":0.001,"4":0.001,"5":0.001,"6":0.001,"7":0.001,"8":0.0005,"9":0.0005,"10":0.0005,"11":0.0005,"12":0.00025,"13":0.00025,"14":0.00025,"15":0.00025,"16":0.000125,"17":0.000125,"18":0.0000625,"19":0.0000625}}