{"loss":{"0":0.6354148388,"1":0.0046359673,"2":0.0008766669,"3":0.0003679739,"4":0.0001874743,"5":0.0001076355},"accuracy":{"0":0.8240757585,"1":0.9999544621,"2":1.0,"3":1.0,"4":1.0,"5":1.0},"val_loss":{"0":0.0110259941,"1":0.0014151456,"2":0.0006407846,"3":0.0002786845,"4":0.0001927817,"5":0.0000977099},"val_accuracy":{"0":0.9998179078,"1":1.0,"2":1.0,"3":1.0,"4":1.0,"5":1.0}}